state,$default,$end,'(',')',"','",';','?','{','}',AS,AT,BLUEPRINT,CONSTRUCT,DIVIDE,DROP,EAST,EAST_SCAN,ELSE,EMPTY,EQ_OP,FALSE,GO,GRID,IDENTIFIER,IF,INTEGER,MINUS,MODULO,MULTIPLY,NE_OP,NORTH,NORTH_SCAN,OBSTACLE,PICK,PLUS,REPEAT,SCAN,SOUTH,SOUTH_SCAN,SPAWN,THEN,TRUE,TURN,UMINUS,WEST,WEST_SCAN,error
0,r1,r1,r1,r1,r1,r1,r1,r1,r1,r1,r1,r1,r1,r1,r1,r1,r1,r1,r1,r1,r1,r1,r1,,r1,,r1,r1,r1,r1,r1,r1,r1,r1,r1,r1,r1,r1,r1,r1,r1,r1,r1,r1,r1,r1,r1
1,,s2,,,,s6,,,,,,s4,s5,,,,,,,,,,s3,,,,,,,,,,,,,,,,,,,,,,,,
2,acc,acc,,,,,,,,,,,,,,,,,,,,,,,,,,,,,,,,,,,,,,,,,,,,,
3,,,s11,,,,,,,,,,,,,,,,,,,,,,,,,,,,,,,,,,,,,,,,,,,,
4,,,,,,,,,,,,,,,,,,,,,,,,s12,,,,,,,,,,,,,,,,,,,,,,,
5,,,,,,,,s13,,,,,,,,,,,,,,,,,,,,,,,,,,,,,,,,,,,,,,,
6,r6,r6,r6,r6,r6,r6,r6,r6,r6,r6,r6,r6,r6,r6,r6,r6,r6,r6,r6,r6,r6,r6,r6,,r6,,r6,r6,r6,r6,r6,r6,r6,r6,r6,r6,r6,r6,r6,r6,r6,r6,r6,r6,r6,r6,r6
7,r2,r2,r2,r2,r2,r2,r2,r2,r2,r2,r2,r2,r2,r2,r2,r2,r2,r2,r2,r2,r2,r2,r2,,r2,,r2,r2,r2,r2,r2,r2,r2,r2,r2,r2,r2,r2,r2,r2,r2,r2,r2,r2,r2,r2,r2
8,r3,r3,r3,r3,r3,r3,r3,r3,r3,r3,r3,r3,r3,r3,r3,r3,r3,r3,r3,r3,r3,r3,r3,,r3,,r3,r3,r3,r3,r3,r3,r3,r3,r3,r3,r3,r3,r3,r3,r3,r3,r3,r3,r3,r3,r3
9,r4,r4,r4,r4,r4,r4,r4,r4,r4,r4,r4,r4,r4,r4,r4,r4,r4,r4,r4,r4,r4,r4,r4,,r4,,r4,r4,r4,r4,r4,r4,r4,r4,r4,r4,r4,r4,r4,r4,r4,r4,r4,r4,r4,r4,r4
10,r5,r5,r5,r5,r5,r5,r5,r5,r5,r5,r5,r5,r5,r5,r5,r5,r5,r5,r5,r5,r5,r5,r5,,r5,,r5,r5,r5,r5,r5,r5,r5,r5,r5,r5,r5,r5,r5,r5,r5,r5,r5,r5,r5,r5,r5
11,,,s16,,,,,,,,,,,,,,,,,,,,,,,s15,s14,,,,,,,,,,,,,,,,,,,,
12,,,,,,,,s18,,,,,,,,,,,,,,,,,,,,,,,,,,,,,,,,,,,,,,,
13,r13,r13,r13,r13,r13,r13,r13,r13,r13,r13,r13,r13,r13,r13,r13,r13,r13,r13,r13,r13,r13,r13,r13,,r13,,r13,r13,r13,r13,r13,r13,r13,r13,r13,r13,r13,r13,r13,r13,r13,r13,r13,r13,r13,r13,r13
14,,,s16,,,,,,,,,,,,,,,,,,,,,,,s15,s14,,,,,,,,,,,,,,,,,,,,
15,r50,r50,r50,r50,r50,r50,r50,r50,r50,r50,r50,r50,r50,r50,r50,r50,r50,r50,r50,r50,r50,r50,r50,,r50,,r50,r50,r50,r50,r50,r50,r50,r50,r50,r50,r50,r50,r50,r50,r50,r50,r50,r50,r50,r50,r50
16,,,s16,,,,,,,,,,,,,,,,,,,,,,,s15,s14,,,,,,,,,,,,,,,,,,,,
17,,,,,s27,,,,,,,,,s25,,,,,,,,,,,,,s23,s26,s24,,,,,,s22,,,,,,,,,,,,
18,r17,r17,r17,r17,r17,r17,r17,r17,r17,r17,r17,r17,r17,r17,r17,r17,r17,r17,r17,r17,r17,r17,r17,,r17,,r17,r17,r17,r17,r17,r17,r17,r17,r17,r17,r17,r17,r17,r17,r17,r17,r17,r17,r17,r17,r17
19,,,,,,,,,s30,,,,,,,,,,,,,,,,,,,,,,,,,,,,,,,s29,,,,,,,
20,r53,r53,r53,r53,r53,r53,r53,r53,r53,r53,r53,r53,r53,r53,r53,r53,r53,r53,r53,r53,r53,r53,r53,,r53,,r53,r53,r53,r53,r53,r53,r53,r53,r53,r53,r53,r53,r53,r53,r53,r53,r53,r53,r53,r53,r53
21,,,,s32,,,,,,,,,,s25,,,,,,,,,,,,,s23,s26,s24,,,,,,s22,,,,,,,,,,,,
22,,,s16,,,,,,,,,,,,,,,,,,,,,,,s15,s14,,,,,,,,,,,,,,,,,,,,
23,,,s16,,,,,,,,,,,,,,,,,,,,,,,s15,s14,,,,,,,,,,,,,,,,,,,,
24,,,s16,,,,,,,,,,,,,,,,,,,,,,,s15,s14,,,,,,,,,,,,,,,,,,,,
25,,,s16,,,,,,,,,,,,,,,,,,,,,,,s15,s14,,,,,,,,,,,,,,,,,,,,
26,,,s16,,,,,,,,,,,,,,,,,,,,,,,s15,s14,,,,,,,,,,,,,,,,,,,,
27,,,s16,,,,,,,,,,,,,,,,,,,,,,,s15,s14,,,,,,,,,,,,,,,,,,,,
28,,,,,,,,s45,s46,,,,,,s42,,,,,,,s39,,,s43,,,,,,,,,s41,,s44,,,,,,,s40,,,,
29,,,,,,,,,,,,,,,,,,,,,,,,s55,,,,,,,,,,,,,,,,,,,,,,,
30,r12,r12,r12,r12,r12,r12,r12,r12,r12,r12,r12,r12,r12,r12,r12,r12,r12,r12,r12,r12,r12,r12,r12,,r12,,r12,r12,r12,r12,r12,r12,r12,r12,r12,r12,r12,r12,r12,r12,r12,r12,r12,r12,r12,r12,r12
31,r14,r14,r14,r14,r14,r14,r14,r14,r14,r14,r14,r14,r14,r14,r14,r14,r14,r14,r14,r14,r14,r14,r14,,r14,,r14,r14,r14,r14,r14,r14,r14,r14,r14,r14,r14,r14,r14,r14,r14,r14,r14,r14,r14,r14,r14
32,r57,r57,r57,r57,r57,r57,r57,r57,r57,r57,r57,r57,r57,r57,r57,r57,r57,r57,r57,r57,r57,r57,r57,,r57,,r57,r57,r57,r57,r57,r57,r57,r57,r57,r57,r57,r57,r57,r57,r57,r57,r57,r57,r57,r57,r57
33,r51,r51,r51,r51,r51,r51,r51,r51,r51,r51,r51,r51,r51,s25,r51,r51,r51,r51,r51,r51,r51,r51,r51,,r51,,r51,s26,s24,r51,r51,r51,r51,r51,r51,r51,r51,r51,r51,r51,r51,r51,r51,r51,r51,r51,r51
34,r52,r52,r52,r52,r52,r52,r52,r52,r52,r52,r52,r52,r52,s25,r52,r52,r52,r52,r52,r52,r52,r52,r52,,r52,,r52,s26,s24,r52,r52,r52,r52,r52,r52,r52,r52,r52,r52,r52,r52,r52,r52,r52,r52,r52,r52
35,r54,r54,r54,r54,r54,r54,r54,r54,r54,r54,r54,r54,r54,r54,r54,r54,r54,r54,r54,r54,r54,r54,r54,,r54,,r54,r54,r54,r54,r54,r54,r54,r54,r54,r54,r54,r54,r54,r54,r54,r54,r54,r54,r54,r54,r54
36,r55,r55,r55,r55,r55,r55,r55,r55,r55,r55,r55,r55,r55,r55,r55,r55,r55,r55,r55,r55,r55,r55,r55,,r55,,r55,r55,r55,r55,r55,r55,r55,r55,r55,r55,r55,r55,r55,r55,r55,r55,r55,r55,r55,r55,r55
37,r56,r56,r56,r56,r56,r56,r56,r56,r56,r56,r56,r56,r56,r56,r56,r56,r56,r56,r56,r56,r56,r56,r56,,r56,,r56,r56,r56,r56,r56,r56,r56,r56,r56,r56,r56,r56,r56,r56,r56,r56,r56,r56,r56,r56,r56
38,,,,s56,,,,,,,,,,s25,,,,,,,,,,,,,s23,s26,s24,,,,,,s22,,,,,,,,,,,,
39,,,s16,,,,,,,,,,,,,,,,,,,,,,,s15,s14,,,,,,,,,,,,,,,,,,,,
40,,,,,,,,,,,,,,,,s60,,,,,,,,,,,,,,,s58,,,,,,,s59,,,,,,,s61,,
41,,,,,,,,,,,,,,,,,,,,,,,,s63,,,,,,,,,,,,,,,,,,,,,,,
42,,,,,,,,,,,,,,,,,,,,,,,,s64,,,,,,,,,,,,,,,,,,,,,,,
43,,,s65,,,,,,,,,,,,,,,,,,,,,,,,,,,,,,,,,,,,,,,,,,,,
44,,,s16,,,,,s45,,,,,,,,,,,,,,,,,,s15,s14,,,,,,,,,,,,,,,,,,,,
45,r17,r17,r17,r17,r17,r17,r17,r17,r17,r17,r17,r17,r17,r17,r17,r17,r17,r17,r17,r17,r17,r17,r17,,r17,,r17,r17,r17,r17,r17,r17,r17,r17,r17,r17,r17,r17,r17,r17,r17,r17,r17,r17,r17,r17,r17
46,r11,r11,r11,r11,r11,r11,r11,r11,r11,r11,r11,r11,r11,r11,r11,r11,r11,r11,r11,r11,r11,r11,r11,,r11,,r11,r11,r11,r11,r11,r11,r11,r11,r11,r11,r11,r11,r11,r11,r11,r11,r11,r11,r11,r11,r11
47,r18,r18,r18,r18,r18,r18,r18,r18,r18,r18,r18,r18,r18,r18,r18,r18,r18,r18,r18,r18,r18,r18,r18,,r18,,r18,r18,r18,r18,r18,r18,r18,r18,r18,r18,r18,r18,r18,r18,r18,r18,r18,r18,r18,r18,r18
48,r25,r25,r25,r25,r25,r25,r25,r25,r25,r25,r25,r25,r25,r25,r25,r25,r25,r25,r25,r25,r25,r25,r25,,r25,,r25,r25,r25,r25,r25,r25,r25,r25,r25,r25,r25,r25,r25,r25,r25,r25,r25,r25,r25,r25,r25
49,r19,r19,r19,r19,r19,r19,r19,r19,r19,r19,r19,r19,r19,r19,r19,r19,r19,r19,r19,r19,r19,r19,r19,,r19,,r19,r19,r19,r19,r19,r19,r19,r19,r19,r19,r19,r19,r19,r19,r19,r19,r19,r19,r19,r19,r19
50,r20,r20,r20,r20,r20,r20,r20,r20,r20,r20,r20,r20,r20,r20,r20,r20,r20,r20,r20,r20,r20,r20,r20,,r20,,r20,r20,r20,r20,r20,r20,r20,r20,r20,r20,r20,r20,r20,r20,r20,r20,r20,r20,r20,r20,r20
51,r21,r21,r21,r21,r21,r21,r21,r21,r21,r21,r21,r21,r21,r21,r21,r21,r21,r21,r21,r21,r21,r21,r21,,r21,,r21,r21,r21,r21,r21,r21,r21,r21,r21,r21,r21,r21,r21,r21,r21,r21,r21,r21,r21,r21,r21
52,r22,r22,r22,r22,r22,r22,r22,r22,r22,r22,r22,r22,r22,r22,r22,r22,r22,r22,r22,r22,r22,r22,r22,,r22,,r22,r22,r22,r22,r22,r22,r22,r22,r22,r22,r22,r22,r22,r22,r22,r22,r22,r22,r22,r22,r22
53,r23,r23,r23,r23,r23,r23,r23,r23,r23,r23,r23,r23,r23,r23,r23,r23,r23,r23,r23,r23,r23,r23,r23,,r23,,r23,r23,r23,r23,r23,r23,r23,r23,r23,r23,r23,r23,r23,r23,r23,r23,r23,r23,r23,r23,r23
54,r24,r24,r24,r24,r24,r24,r24,r24,r24,r24,r24,r24,r24,r24,r24,r24,r24,r24,r24,r24,r24,r24,r24,,r24,,r24,r24,r24,r24,r24,r24,r24,r24,r24,r24,r24,r24,r24,r24,r24,r24,r24,r24,r24,r24,r24
55,,,,,,,,,,s70,s69,,,,,,,,,,,,,,,,,,,,,,,,,,,,,,,,,,,,
56,,,,,,,,s71,,,,,,,,,,,,,,,,,,,,,,,,,,,,,,,,,,,,,,,
57,,,,,,s72,,,,,,,,s25,,,,,,,,,,,,,s23,s26,s24,,,,,,s22,,,,,,,,,,,,
58,r46,r46,r46,r46,r46,r46,r46,r46,r46,r46,r46,r46,r46,r46,r46,r46,r46,r46,r46,r46,r46,r46,r46,,r46,,r46,r46,r46,r46,r46,r46,r46,r46,r46,r46,r46,r46,r46,r46,r46,r46,r46,r46,r46,r46,r46
59,r47,r47,r47,r47,r47,r47,r47,r47,r47,r47,r47,r47,r47,r47,r47,r47,r47,r47,r47,r47,r47,r47,r47,,r47,,r47,r47,r47,r47,r47,r47,r47,r47,r47,r47,r47,r47,r47,r47,r47,r47,r47,r47,r47,r47,r47
60,r48,r48,r48,r48,r48,r48,r48,r48,r48,r48,r48,r48,r48,r48,r48,r48,r48,r48,r48,r48,r48,r48,r48,,r48,,r48,r48,r48,r48,r48,r48,r48,r48,r48,r48,r48,r48,r48,r48,r48,r48,r48,r48,r48,r48,r48
61,r49,r49,r49,r49,r49,r49,r49,r49,r49,r49,r49,r49,r49,r49,r49,r49,r49,r49,r49,r49,r49,r49,r49,,r49,,r49,r49,r49,r49,r49,r49,r49,r49,r49,r49,r49,r49,r49,r49,r49,r49,r49,r49,r49,r49,r49
62,,,,,,s73,,,,,,,,,,,,,,,,,,,,,,,,,,,,,,,,,,,,,,,,,
63,,,,,,s74,,,,,,,,,,,,,,,,,,,,,,,,,,,,,,,,,,,,,,,,,
64,,,,,,s75,,,,,,,,,,,,,,,,,,,,,,,,,,,,,,,,,,,,,,,,,
65,,,,,,,,,,,,,,,,,s77,,,,,,,,,,,,,,,s79,,,,,s76,,s80,,,,,,,s78,
66,r34,r34,r34,r34,r34,r34,r34,r34,r34,r34,r34,r34,r34,r34,r34,r34,r34,r34,r34,r34,r34,r34,r34,,r34,,r34,r34,r34,r34,r34,r34,r34,r34,r34,r34,r34,r34,r34,r34,r34,r34,r34,r34,r34,r34,r34
67,,,,,,s83,,s45,,,,,,s25,,,,,,,,,,,,,s23,s26,s24,,,,,,s22,,,,,,,,,,,,
68,,,,,,,,s45,s85,,,,,,s42,,,,,,,s39,,,s43,,,,,,,,,s41,,s44,,,,,,,s40,,,,
69,,,s86,,,,,,,,,,,,,,,,,,,,,,,,,,,,,,,,,,,,,,,,,,,,
70,,,,,,,,,,,,,,,,,,,,,,,,s87,,,,,,,,,,,,,,,,,,,,,,,
71,r8,r8,r8,r8,r8,r8,r8,r8,r8,r8,r8,r8,r8,r8,r8,r8,r8,r8,r8,r8,r8,r8,r8,,r8,,r8,r8,r8,r8,r8,r8,r8,r8,r8,r8,r8,r8,r8,r8,r8,r8,r8,r8,r8,r8,r8
72,r27,r27,r27,r27,r27,r27,r27,r27,r27,r27,r27,r27,r27,r27,r27,r27,r27,r27,r27,r27,r27,r27,r27,,r27,,r27,r27,r27,r27,r27,r27,r27,r27,r27,r27,r27,r27,r27,r27,r27,r27,r27,r27,r27,r27,r27
73,r28,r28,r28,r28,r28,r28,r28,r28,r28,r28,r28,r28,r28,r28,r28,r28,r28,r28,r28,r28,r28,r28,r28,,r28,,r28,r28,r28,r28,r28,r28,r28,r28,r28,r28,r28,r28,r28,r28,r28,r28,r28,r28,r28,r28,r28
74,r29,r29,r29,r29,r29,r29,r29,r29,r29,r29,r29,r29,r29,r29,r29,r29,r29,r29,r29,r29,r29,r29,r29,,r29,,r29,r29,r29,r29,r29,r29,r29,r29,r29,r29,r29,r29,r29,r29,r29,r29,r29,r29,r29,r29,r29
75,r30,r30,r30,r30,r30,r30,r30,r30,r30,r30,r30,r30,r30,r30,r30,r30,r30,r30,r30,r30,r30,r30,r30,,r30,,r30,r30,r30,r30,r30,r30,r30,r30,r30,r30,r30,r30,r30,r30,r30,r30,r30,r30,r30,r30,r30
76,,,s89,,,,,,,,,,,,,,,,,,,,,,,,,,,,,,,,,,,,,,,,,,,,
77,r40,r40,r40,r40,r40,r40,r40,r40,r40,r40,r40,r40,r40,r40,r40,r40,r40,r40,r40,r40,r40,r40,r40,,r40,,r40,r40,r40,r40,r40,r40,r40,r40,r40,r40,r40,r40,r40,r40,r40,r40,r40,r40,r40,r40,r40
78,r41,r41,r41,r41,r41,r41,r41,r41,r41,r41,r41,r41,r41,r41,r41,r41,r41,r41,r41,r41,r41,r41,r41,,r41,,r41,r41,r41,r41,r41,r41,r41,r41,r41,r41,r41,r41,r41,r41,r41,r41,r41,r41,r41,r41,r41
79,r42,r42,r42,r42,r42,r42,r42,r42,r42,r42,r42,r42,r42,r42,r42,r42,r42,r42,r42,r42,r42,r42,r42,,r42,,r42,r42,r42,r42,r42,r42,r42,r42,r42,r42,r42,r42,r42,r42,r42,r42,r42,r42,r42,r42,r42
80,r43,r43,r43,r43,r43,r43,r43,r43,r43,r43,r43,r43,r43,r43,r43,r43,r43,r43,r43,r43,r43,r43,r43,,r43,,r43,r43,r43,r43,r43,r43,r43,r43,r43,r43,r43,r43,r43,r43,r43,r43,r43,r43,r43,r43,r43
81,,,,s90,,,,,,,,,,,,,,,,,,,,,,,,,,,,,,,,,,,,,,,,,,,
82,,,,,,,,,,,,,,,,,,,,s91,,,,,,,,,,s92,,,,,,,,,,,,,,,,,
83,r35,r35,r35,r35,r35,r35,r35,r35,r35,r35,r35,r35,r35,r35,r35,r35,r35,r35,r35,r35,r35,r35,r35,,r35,,r35,r35,r35,r35,r35,r35,r35,r35,r35,r35,r35,r35,r35,r35,r35,r35,r35,r35,r35,r35,r35
84,r33,r33,r33,r33,r33,r33,r33,r33,r33,r33,r33,r33,r33,r33,r33,r33,r33,r33,r33,r33,r33,r33,r33,,r33,,r33,r33,r33,r33,r33,r33,r33,r33,r33,r33,r33,r33,r33,r33,r33,r33,r33,r33,r33,r33,r33
85,r26,r26,r26,r26,r26,r26,r26,r26,r26,r26,r26,r26,r26,r26,r26,r26,r26,r26,r26,r26,r26,r26,r26,,r26,,r26,r26,r26,r26,r26,r26,r26,r26,r26,r26,r26,r26,r26,r26,r26,r26,r26,r26,r26,r26,r26
86,,,s16,,,,,,,,,,,,,,,,,,,,,,,s15,s14,,,,,,,,,,,,,,,,,,,,
87,,,,,,,,,,,s94,,,,,,,,,,,,,,,,,,,,,,,,,,,,,,,,,,,,
88,,,,,,,,,s96,,,,,,,,,,,,,,,,,,,,,,,,s95,,,,,,,,,,,,,,
89,,,,,,,,,,,,,,,,s60,,,,,,,,,,,,,,,s58,,,,,,,s59,,,,,,,s61,,
90,,,,,,,,s45,,,,,,,s42,,,,,,,s39,,,s43,,,,,,,,,s41,,s44,,,,,,,s40,,,,
91,,,,,,,,,,,,,,,,,,,s101,,,,,,,,,,,,,,s100,,,,,,,,,,,,,,
92,,,,,,,,,,,,,,,,,,,s101,,,,,,,,,,,,,,s100,,,,,,,,,,,,,,
93,,,,,s104,,,,,,,,,s25,,,,,,,,,,,,,s23,s26,s24,,,,,,s22,,,,,,,,,,,,
94,,,s105,,,,,,,,,,,,,,,,,,,,,,,,,,,,,,,,,,,,,,,,,,,,
95,,,s106,,,,,,,,,,,,,,,,,,,,,,,,,,,,,,,,,,,,,,,,,,,,
96,r7,r7,r7,r7,r7,r7,r7,r7,r7,r7,r7,r7,r7,r7,r7,r7,r7,r7,r7,r7,r7,r7,r7,,r7,,r7,r7,r7,r7,r7,r7,r7,r7,r7,r7,r7,r7,r7,r7,r7,r7,r7,r7,r7,r7,r7
97,r9,r9,r9,r9,r9,r9,r9,r9,r9,r9,r9,r9,r9,r9,r9,r9,r9,r9,r9,r9,r9,r9,r9,,r9,,r9,r9,r9,r9,r9,r9,r9,r9,r9,r9,r9,r9,r9,r9,r9,r9,r9,r9,r9,r9,r9
98,,,,,,,s107,,,,,,,,,,,,,,,,,,,,,,,,,,,,,,,,,,,,,,,,
99,r31,r31,r31,r31,r31,r31,r31,r31,r31,r31,r31,r31,r31,r31,r31,r31,r31,s108,r31,r31,r31,r31,r31,,r31,,r31,r31,r31,r31,r31,r31,r31,r31,r31,r31,r31,r31,r31,r31,r31,r31,r31,r31,r31,r31,r31
100,r44,r44,r44,r44,r44,r44,r44,r44,r44,r44,r44,r44,r44,r44,r44,r44,r44,r44,r44,r44,r44,r44,r44,,r44,,r44,r44,r44,r44,r44,r44,r44,r44,r44,r44,r44,r44,r44,r44,r44,r44,r44,r44,r44,r44,r44
101,r45,r45,r45,r45,r45,r45,r45,r45,r45,r45,r45,r45,r45,r45,r45,r45,r45,r45,r45,r45,r45,r45,r45,,r45,,r45,r45,r45,r45,r45,r45,r45,r45,r45,r45,r45,r45,r45,r45,r45,r45,r45,r45,r45,r45,r45
102,r38,r38,r38,r38,r38,r38,r38,r38,r38,r38,r38,r38,r38,r38,r38,r38,r38,r38,r38,r38,r38,r38,r38,,r38,,r38,r38,r38,r38,r38,r38,r38,r38,r38,r38,r38,r38,r38,r38,r38,r38,r38,r38,r38,r38,r38
103,r39,r39,r39,r39,r39,r39,r39,r39,r39,r39,r39,r39,r39,r39,r39,r39,r39,r39,r39,r39,r39,r39,r39,,r39,,r39,r39,r39,r39,r39,r39,r39,r39,r39,r39,r39,r39,r39,r39,r39,r39,r39,r39,r39,r39,r39
104,,,s16,,,,,,,,,,,,,,,,,,,,,,,s15,s14,,,,,,,,,,,,,,,,,,,,
105,,,s16,,,,,,,,,,,,,,,,,,,,,,,s15,s14,,,,,,,,,,,,,,,,,,,,
106,,,s16,,,,,,,,,,,,,,,,,,,,,,,s15,s14,,,,,,,,,,,,,,,,,,,,
107,,,,s112,,,,,,,,,,,,,,,,,,,,,,,,,,,,,,,,,,,,,,,,,,,
108,,,,,,,,s45,,,,,,,s42,,,,,,,s39,,,s43,,,,,,,,,s41,,s44,,,,,,,s40,,,,
109,,,,s114,,,,,,,,,,s25,,,,,,,,,,,,,s23,s26,s24,,,,,,s22,,,,,,,,,,,,
110,,,,,s115,,,,,,,,,s25,,,,,,,,,,,,,s23,s26,s24,,,,,,s22,,,,,,,,,,,,
111,,,,,s116,,,,,,,,,s25,,,,,,,,,,,,,s23,s26,s24,,,,,,s22,,,,,,,,,,,,
112,,,,,,,,,,,,,,,,,,,,s117,,,,,,,,,,s118,,,,,,,,,,,,,,,,,
113,r32,r32,r32,r32,r32,r32,r32,r32,r32,r32,r32,r32,r32,r32,r32,r32,r32,r32,r32,r32,r32,r32,r32,,r32,,r32,r32,r32,r32,r32,r32,r32,r32,r32,r32,r32,r32,r32,r32,r32,r32,r32,r32,r32,r32,r32
114,,,,,,s119,,,,,,,,,,,,,,,,,,,,,,,,,,,,,,,,,,,,,,,,,
115,,,s16,,,,,,,,,,,,,,,,,,,,,,,s15,s14,,,,,,,,,,,,,,,,,,,,
116,,,s16,,,,,,,,,,,,,,,,,,,,,,,s15,s14,,,,,,,,,,,,,,,,,,,,
117,,,,,,,,,,,,,,,,,,,s101,,,,,,,,,,,,,,s100,,,,,,,,,,,,,,
118,,,,,,,,,,,,,,,,,,,s101,,,,,,,,,,,,,,s100,,,,,,,,,,,,,,
119,r15,r15,r15,r15,r15,r15,r15,r15,r15,r15,r15,r15,r15,r15,r15,r15,r15,r15,r15,r15,r15,r15,r15,,r15,,r15,r15,r15,r15,r15,r15,r15,r15,r15,r15,r15,r15,r15,r15,r15,r15,r15,r15,r15,r15,r15
120,,,,s124,,,,,,,,,,s25,,,,,,,,,,,,,s23,s26,s24,,,,,,s22,,,,,,,,,,,,
121,,,,s125,,,,,,,,,,s25,,,,,,,,,,,,,s23,s26,s24,,,,,,s22,,,,,,,,,,,,
122,r36,r36,r36,r36,r36,r36,r36,r36,r36,r36,r36,r36,r36,r36,r36,r36,r36,r36,r36,r36,r36,r36,r36,,r36,,r36,r36,r36,r36,r36,r36,r36,r36,r36,r36,r36,r36,r36,r36,r36,r36,r36,r36,r36,r36,r36
123,r37,r37,r37,r37,r37,r37,r37,r37,r37,r37,r37,r37,r37,r37,r37,r37,r37,r37,r37,r37,r37,r37,r37,,r37,,r37,r37,r37,r37,r37,r37,r37,r37,r37,r37,r37,r37,r37,r37,r37,r37,r37,r37,r37,r37,r37
124,,,,,,s126,,,,,,,,,,,,,,,,,,,,,,,,,,,,,,,,,,,,,,,,,
125,,,,,,s127,,,,,,,,,,,,,,,,,,,,,,,,,,,,,,,,,,,,,,,,,
126,r16,r16,r16,r16,r16,r16,r16,r16,r16,r16,r16,r16,r16,r16,r16,r16,r16,r16,r16,r16,r16,r16,r16,,r16,,r16,r16,r16,r16,r16,r16,r16,r16,r16,r16,r16,r16,r16,r16,r16,r16,r16,r16,r16,r16,r16
127,r10,r10,r10,r10,r10,r10,r10,r10,r10,r10,r10,r10,r10,r10,r10,r10,r10,r10,r10,r10,r10,r10,r10,,r10,,r10,r10,r10,r10,r10,r10,r10,r10,r10,r10,r10,r10,r10,r10,r10,r10,r10,r10,r10,r10,r10
